Pct,lon,lat,description
1,-95.37437928839314,29.777021782286518,<strong>Precinct 1</strong>
2,-95.38287128829582,29.766087491895682,<strong>Precinct 2</strong>
3,-95.38550212998796,29.77909277189205,<strong>Precinct 3</strong>
4,-95.37876241599288,29.785262628289903,<strong>Precinct 4</strong>
5,-95.38412201559603,29.794692634093146,<strong>Precinct 5</strong>
6,-95.39756044651196,30.047413289033774,<strong>Precinct 6</strong>
7,-95.2925914029625,29.84260482006982,<strong>Precinct 7</strong>
8,-95.49791381901308,29.68578916812284,<strong>Precinct 8</strong>
9,-95.3411949724236,29.754886061040505,<strong>Precinct 9</strong>
10,-95.3271923233499,29.750931674588877,<strong>Precinct 10</strong>
11,-95.3155469209778,29.746634594496506,<strong>Precinct 11</strong>
12,-94.97048877706817,29.753227940817496,<strong>Precinct 12</strong>
13,-95.03023851352152,29.75477440623914,<strong>Precinct 13</strong>
14,-95.48457025784487,29.66201751280877,<strong>Precinct 14</strong>
15,-95.42426001884222,29.720206753292757,<strong>Precinct 15</strong>
16,-95.36576161852747,29.754402380594467,<strong>Precinct 16</strong>
17,-95.44343431451787,29.673136663795873,<strong>Precinct 17</strong>
18,-95.43294869520255,29.682496841990208,<strong>Precinct 18</strong>
19,-95.35424526987813,29.745822632298704,<strong>Precinct 19</strong>
20,-95.37303135508641,29.740308136462872,<strong>Precinct 20</strong>
21,-95.37075825682052,29.733752724877245,<strong>Precinct 21</strong>
22,-95.49698165293452,29.644401021975792,<strong>Precinct 22</strong>
23,-95.28303162255071,29.702292339911537,<strong>Precinct 23</strong>
24,-95.35920791033993,29.739379591724767,<strong>Precinct 24</strong>
25,-95.35162716831647,29.73272013662538,<strong>Precinct 25</strong>
26,-95.33388721408838,29.732078204145182,<strong>Precinct 26</strong>
27,-95.32732662150781,29.73702304123444,<strong>Precinct 27</strong>
28,-94.99020247292245,29.767590022193726,<strong>Precinct 28</strong>
29,-95.23900886931291,29.660718110967714,<strong>Precinct 29</strong>
30,-95.38054573664087,29.757506456854177,<strong>Precinct 30</strong>
31,-95.37300419555719,29.68612402928691,<strong>Precinct 31</strong>
32,-95.37784313557903,29.747433824463005,<strong>Precinct 32</strong>
33,-95.38802111760684,29.75437413988079,<strong>Precinct 33</strong>
34,-95.38648111810525,29.74307623057784,<strong>Precinct 34</strong>
35,-95.30109941750348,30.003147127385645,<strong>Precinct 35</strong>
36,-95.28286913208454,29.667648574605682,<strong>Precinct 36</strong>
37,-95.39498133158015,29.754121844715026,<strong>Precinct 37</strong>
38,-95.40271567926756,29.746005423314,<strong>Precinct 38</strong>
39,-95.39908851570459,29.736413368118992,<strong>Precinct 39</strong>
40,-95.3984236160069,29.728378399197034,<strong>Precinct 40</strong>
41,-95.41946932106914,30.085547439701056,<strong>Precinct 41</strong>
42,-95.30420798148059,29.803751092943617,<strong>Precinct 42</strong>
43,-95.49376881854293,29.812190161820837,<strong>Precinct 43</strong>
44,-95.36232109567867,29.77895671411963,<strong>Precinct 44</strong>
45,-95.21161241525509,29.858284963586488,<strong>Precinct 45</strong>
46,-95.36040359382564,29.785788476508408,<strong>Precinct 46</strong>
47,-95.34187657629053,29.784401665475528,<strong>Precinct 47</strong>
48,-95.33125859678614,29.7682927630049,<strong>Precinct 48</strong>
49,-95.85756153380845,30.073678992918556,<strong>Precinct 49</strong>
50,-95.63826699274553,29.917848646754855,<strong>Precinct 50</strong>
51,-95.11840995041027,29.670230552398944,<strong>Precinct 51</strong>
52,-95.40414137894075,29.76578336621339,<strong>Precinct 52</strong>
53,-95.39293937901365,29.780904734042316,<strong>Precinct 53</strong>
54,-95.41715442861349,29.79363046401232,<strong>Precinct 54</strong>
55,-95.40340109423677,29.776677030457623,<strong>Precinct 55</strong>
56,-95.55802079685117,29.795395668574354,<strong>Precinct 56</strong>
57,-95.39678405177997,29.795316711855254,<strong>Precinct 57</strong>
58,-95.41145579752714,29.79922297253395,<strong>Precinct 58</strong>
59,-95.39651595687818,29.803373258369934,<strong>Precinct 59</strong>
60,-95.40501219124535,29.738528859304935,<strong>Precinct 60</strong>
61,-95.3957390815978,29.92458194564045,<strong>Precinct 61</strong>
62,-95.2923496564329,29.756697974388306,<strong>Precinct 62</strong>
63,-95.07445400852457,29.832485921779657,<strong>Precinct 63</strong>
64,-95.29400368055788,29.739271980364844,<strong>Precinct 64</strong>
65,-95.2851125529698,29.732037720336855,<strong>Precinct 65</strong>
66,-95.26542063172946,29.718342941354308,<strong>Precinct 66</strong>
67,-95.30508436738872,29.696472027362912,<strong>Precinct 67</strong>
68,-95.37343862352081,29.666930054277238,<strong>Precinct 68</strong>
69,-95.30619521232754,29.739616278175912,<strong>Precinct 69</strong>
70,-95.43752633867366,29.767943250901357,<strong>Precinct 70</strong>
71,-95.41927156462074,29.77795117553279,<strong>Precinct 71</strong>
72,-95.29898097527068,29.719295544968045,<strong>Precinct 72</strong>
73,-95.4146913121185,29.828651385590682,<strong>Precinct 73</strong>
74,-95.5633673382511,29.886903318285203,<strong>Precinct 74</strong>
75,-95.39801052024553,29.810067594581618,<strong>Precinct 75</strong>
76,-95.22865335468413,29.60199386052716,<strong>Precinct 76</strong>
77,-95.38222511263272,29.860026541481655,<strong>Precinct 77</strong>
78,-95.36534587124088,29.81576874016429,<strong>Precinct 78</strong>
79,-95.30574526139114,29.780886467964994,<strong>Precinct 79</strong>
80,-95.22439044838823,29.787771505567285,<strong>Precinct 80</strong>
81,-95.2262130391244,29.741766966050832,<strong>Precinct 81</strong>
82,-95.56142387113347,30.019537695630987,<strong>Precinct 82</strong>
83,-95.27614957451387,29.931880507720297,<strong>Precinct 83</strong>
84,-95.12855323553713,29.705939756826133,<strong>Precinct 84</strong>
85,-95.36013260909135,29.719133046760582,<strong>Precinct 85</strong>
86,-95.42342393961019,29.808240328423494,<strong>Precinct 86</strong>
87,-95.42665131036378,29.71107702814621,<strong>Precinct 87</strong>
88,-95.02112638395286,29.643333313141625,<strong>Precinct 88</strong>
89,-95.43665742583241,29.708959212287727,<strong>Precinct 89</strong>
90,-95.046182140637,29.5730913348808,<strong>Precinct 90</strong>
91,-95.10403530471498,29.53338786182947,<strong>Precinct 91</strong>
92,-95.11056219866538,29.58988052129661,<strong>Precinct 92</strong>
93,-95.21839503880254,29.66160604465441,<strong>Precinct 93</strong>
94,-95.26900767852352,29.702280007222125,<strong>Precinct 94</strong>
95,-95.63545740431955,29.7785134000291,<strong>Precinct 95</strong>
96,-95.21676355479136,29.902335592680117,<strong>Precinct 96</strong>
97,-95.08120625242643,29.92098167301216,<strong>Precinct 97</strong>
98,-95.11810584859298,30.033175595295088,<strong>Precinct 98</strong>
99,-94.97432210122163,29.74105085597513,<strong>Precinct 99</strong>
100,-94.97925580956516,29.720553444545942,<strong>Precinct 100</strong>
101,-95.40881602819333,29.950023284254815,<strong>Precinct 101</strong>
102,-95.00322737511321,29.724637227646074,<strong>Precinct 102</strong>
103,-94.96371175819544,29.826104399364127,<strong>Precinct 103</strong>
104,-95.30418644394115,29.874470596847292,<strong>Precinct 104</strong>
105,-95.36935645801115,29.852323015655706,<strong>Precinct 105</strong>
106,-95.37680548788882,29.94241525961035,<strong>Precinct 106</strong>
107,-95.34548927523754,29.843723051214088,<strong>Precinct 107</strong>
108,-95.26315795002267,29.97963691824036,<strong>Precinct 108</strong>
109,-95.45007684715948,29.87745806596377,<strong>Precinct 109</strong>
110,-95.4194284937123,30.0622197710903,<strong>Precinct 110</strong>
111,-95.73270800401735,30.005379644489896,<strong>Precinct 111</strong>
112,-95.55220315941239,30.011300172427006,<strong>Precinct 112</strong>
113,-95.5031484133126,29.972943079325884,<strong>Precinct 113</strong>
114,-95.58311055680166,30.122548414859914,<strong>Precinct 114</strong>
115,-95.24892079685192,29.830577493182606,<strong>Precinct 115</strong>
116,-95.50407875312358,29.789489963986515,<strong>Precinct 116</strong>
117,-95.49400392313542,29.83327878679854,<strong>Precinct 117</strong>
118,-95.24322704887685,29.924006886476263,<strong>Precinct 118</strong>
119,-95.82640604809261,29.843174121573284,<strong>Precinct 119</strong>
120,-95.57932984316697,29.795306560441002,<strong>Precinct 120</strong>
121,-95.85919869010645,29.983836059890198,<strong>Precinct 121</strong>
122,-95.39533005156858,29.83668315602685,<strong>Precinct 122</strong>
123,-95.3889137686905,29.735143122175682,<strong>Precinct 123</strong>
124,-95.74858553460454,30.0042030360036,<strong>Precinct 124</strong>
125,-95.57795443137536,29.94826293674088,<strong>Precinct 125</strong>
126,-95.73177342993681,30.05817358278797,<strong>Precinct 126</strong>
127,-95.6099122723941,30.082650175337104,<strong>Precinct 127</strong>
128,-95.47492799695908,29.696654425407125,<strong>Precinct 128</strong>
129,-95.49322941404836,29.74376720533273,<strong>Precinct 129</strong>
130,-95.5451558658046,29.744210492675546,<strong>Precinct 130</strong>
131,-95.41387476020896,29.597769483662756,<strong>Precinct 131</strong>
132,-95.34519684740444,29.640913571631252,<strong>Precinct 132</strong>
133,-95.44449346640938,29.714770798109726,<strong>Precinct 133</strong>
134,-95.29073714900743,29.643108985071432,<strong>Precinct 134</strong>
135,-95.44325210101226,29.74826564641425,<strong>Precinct 135</strong>
136,-95.36647181006003,29.71408289989058,<strong>Precinct 136</strong>
137,-95.57309460943371,30.066936108612133,<strong>Precinct 137</strong>
138,-95.33175930999555,29.79607983320605,<strong>Precinct 138</strong>
139,-95.41766988561113,29.737715409302886,<strong>Precinct 139</strong>
140,-95.37123748214367,29.70703246714134,<strong>Precinct 140</strong>
141,-95.10933887132074,29.771887238886503,<strong>Precinct 141</strong>
142,-95.25612378232401,29.680625200444524,<strong>Precinct 142</strong>
143,-95.70877784722195,29.9152117417278,<strong>Precinct 143</strong>
144,-95.3312339062181,29.804276209037653,<strong>Precinct 144</strong>
145,-95.30661861587264,29.824046168198958,<strong>Precinct 145</strong>
146,-95.47168898742162,29.661270227004838,<strong>Precinct 146</strong>
147,-95.45784127242747,29.874508640528912,<strong>Precinct 147</strong>
148,-95.411341507626,29.710413446183786,<strong>Precinct 148</strong>
149,-95.74210298685787,29.91746840804387,<strong>Precinct 149</strong>
150,-95.24025526448972,29.853298908275516,<strong>Precinct 150</strong>
151,-95.31771519962494,29.850722797322,<strong>Precinct 151</strong>
152,-95.3468412858619,29.858818524223533,<strong>Precinct 152</strong>
153,-95.36999378684604,29.831596396747955,<strong>Precinct 153</strong>
154,-95.29463418623283,29.709709395380234,<strong>Precinct 154</strong>
155,-95.58758071118176,29.852702643802704,<strong>Precinct 155</strong>
156,-95.33485685523573,29.698605742635667,<strong>Precinct 156</strong>
157,-95.45242008010455,29.858745228591545,<strong>Precinct 157</strong>
158,-95.36744076959049,29.653450706790203,<strong>Precinct 158</strong>
159,-95.3399536238094,29.76733013200282,<strong>Precinct 159</strong>
160,-95.33744196203698,29.775620378033516,<strong>Precinct 160</strong>
161,-95.32072939817152,29.778418137361587,<strong>Precinct 161</strong>
162,-95.19945908899115,29.75505466952784,<strong>Precinct 162</strong>
163,-95.23925580252748,29.763547912864908,<strong>Precinct 163</strong>
164,-95.25946480171169,29.750977852143116,<strong>Precinct 164</strong>
165,-95.54916407477093,29.799148639133822,<strong>Precinct 165</strong>
166,-95.38267969357945,29.810873294909744,<strong>Precinct 166</strong>
167,-95.34807674785381,29.788381578453667,<strong>Precinct 167</strong>
168,-95.32447645850841,29.824780379265963,<strong>Precinct 168</strong>
169,-95.43289588441797,29.87553826909143,<strong>Precinct 169</strong>
170,-95.16018639360608,29.684150269624872,<strong>Precinct 170</strong>
171,-95.34051595889359,29.82766740158498,<strong>Precinct 171</strong>
172,-95.28425424516854,29.67960514050521,<strong>Precinct 172</strong>
173,-95.62386596378647,30.015934072779963,<strong>Precinct 173</strong>
174,-95.10007531365788,29.60778537605883,<strong>Precinct 174</strong>
175,-95.43806861535222,29.695064677105826,<strong>Precinct 175</strong>
176,-95.46723044418565,29.68399463104761,<strong>Precinct 176</strong>
177,-95.44400354801233,29.734829126654592,<strong>Precinct 177</strong>
178,-95.45370401127917,29.735382451847663,<strong>Precinct 178</strong>
179,-95.46509626088442,29.797966868123137,<strong>Precinct 179</strong>
180,-95.35756952702478,29.69148360693949,<strong>Precinct 180</strong>
181,-95.24507632145087,29.69849709705006,<strong>Precinct 181</strong>
182,-95.45343413580218,29.69452587149797,<strong>Precinct 182</strong>
183,-95.43644466304195,29.71766988875368,<strong>Precinct 183</strong>
184,-95.3802184224956,29.839946732866757,<strong>Precinct 184</strong>
185,-95.41728045126219,29.8917254112719,<strong>Precinct 185</strong>
186,-95.32934822361516,29.788410525858655,<strong>Precinct 186</strong>
187,-95.28530289884219,29.758592900053483,<strong>Precinct 187</strong>
188,-95.22527762139246,29.692047027705303,<strong>Precinct 188</strong>
189,-95.43406846390198,29.827320273206897,<strong>Precinct 189</strong>
190,-95.20839611327817,29.70475035858801,<strong>Precinct 190</strong>
191,-95.18396325430328,29.695533931473314,<strong>Precinct 191</strong>
192,-95.38998715937507,29.827111244608457,<strong>Precinct 192</strong>
193,-95.36551545880711,29.72817652064379,<strong>Precinct 193</strong>
194,-95.38308394373327,29.725764699584897,<strong>Precinct 194</strong>
195,-95.38889480921208,29.817593905647634,<strong>Precinct 195</strong>
196,-95.3514478060355,29.805903198308346,<strong>Precinct 196</strong>
197,-95.42029615474054,29.87793527601386,<strong>Precinct 197</strong>
198,-95.36164441181486,29.73372130458556,<strong>Precinct 198</strong>
199,-95.23174290436668,30.01930276956736,<strong>Precinct 199</strong>
200,-95.40422389877716,29.754842366608766,<strong>Precinct 200</strong>
201,-95.331089045934,29.78371371131041,<strong>Precinct 201</strong>
202,-95.32044872222647,29.766448839021624,<strong>Precinct 202</strong>
203,-95.31593983024844,29.68834439141227,<strong>Precinct 203</strong>
204,-95.43953474269125,29.797890707878974,<strong>Precinct 204</strong>
205,-95.2699464531887,29.85104073727915,<strong>Precinct 205</strong>
206,-95.3762803853774,29.80004238521311,<strong>Precinct 206</strong>
207,-95.36434879565084,29.81067984262003,<strong>Precinct 207</strong>
208,-95.24671012006019,29.743735374373127,<strong>Precinct 208</strong>
209,-95.5320670713643,29.784601838100308,<strong>Precinct 209</strong>
210,-95.37527543239561,29.722280905588246,<strong>Precinct 210</strong>
211,-95.26621000909901,29.68630050527369,<strong>Precinct 211</strong>
212,-95.32741700311833,29.853174022006677,<strong>Precinct 212</strong>
213,-95.49890938362853,29.77135700725017,<strong>Precinct 213</strong>
214,-95.46539060073434,29.713211837064208,<strong>Precinct 214</strong>
215,-95.45360012690551,29.713513346419244,<strong>Precinct 215</strong>
216,-95.43360971911864,29.62363355440435,<strong>Precinct 216</strong>
217,-95.4229865705863,29.745113945371614,<strong>Precinct 217</strong>
218,-95.31351663650295,29.725537213290185,<strong>Precinct 218</strong>
219,-95.37404910537957,29.697667236061317,<strong>Precinct 219</strong>
220,-95.10409539452823,29.825884673710803,<strong>Precinct 220</strong>
221,-95.23636712196969,29.680744693471013,<strong>Precinct 221</strong>
222,-95.41072208449903,29.72154130975188,<strong>Precinct 222</strong>
223,-95.40410024359815,29.682997058299755,<strong>Precinct 223</strong>
224,-95.42505429119602,29.691532487524444,<strong>Precinct 224</strong>
225,-95.59249448811413,29.903671196024522,<strong>Precinct 225</strong>
226,-95.28273010597525,29.708385591430833,<strong>Precinct 226</strong>
227,-95.4226097074272,29.753571013467717,<strong>Precinct 227</strong>
228,-95.34631247632402,29.707764717205112,<strong>Precinct 228</strong>
229,-95.24209021957766,29.770489265097723,<strong>Precinct 229</strong>
230,-95.32412967016384,29.835972664946212,<strong>Precinct 230</strong>
231,-95.28900978363298,29.688415032506352,<strong>Precinct 231</strong>
232,-95.43698014894343,29.702420723091077,<strong>Precinct 232</strong>
233,-95.43106242108735,29.73527126187447,<strong>Precinct 233</strong>
234,-95.46703669291621,29.756625032454263,<strong>Precinct 234</strong>
235,-95.3442685023704,29.696051908807586,<strong>Precinct 235</strong>
236,-95.34279419439312,29.681322344134774,<strong>Precinct 236</strong>
237,-95.33900316229747,29.671207832719386,<strong>Precinct 237</strong>
238,-95.33286451264146,29.678816013693176,<strong>Precinct 238</strong>
239,-95.32708432254692,29.66445123091478,<strong>Precinct 239</strong>
240,-95.34754115200914,29.65518105052637,<strong>Precinct 240</strong>
241,-95.36067589666762,29.914676121148357,<strong>Precinct 241</strong>
242,-95.20004319840372,29.66928745499127,<strong>Precinct 242</strong>
243,-95.34467718737523,29.62577518775765,<strong>Precinct 243</strong>
244,-95.55618331993746,29.927139478893274,<strong>Precinct 244</strong>
245,-95.59994716968998,30.04726995033946,<strong>Precinct 245</strong>
246,-95.4649996819246,30.06162604003722,<strong>Precinct 246</strong>
247,-95.35560573089937,29.725370665769066,<strong>Precinct 247</strong>
248,-94.97591964893037,29.72779481248643,<strong>Precinct 248</strong>
249,-94.95773310613781,29.702635872431618,<strong>Precinct 249</strong>
250,-95.02193452367146,29.803827538957563,<strong>Precinct 250</strong>
251,-95.06103890043683,29.874563080385332,<strong>Precinct 251</strong>
252,-95.30750255573554,29.86165316555463,<strong>Precinct 252</strong>
253,-95.28130716015562,29.82781646583925,<strong>Precinct 253</strong>
254,-95.31682267624288,29.87862782302719,<strong>Precinct 254</strong>
255,-95.45472999079983,29.671327494735404,<strong>Precinct 255</strong>
256,-95.50427758325576,29.697556509642077,<strong>Precinct 256</strong>
257,-95.25300449075928,29.63604161318837,<strong>Precinct 257</strong>
258,-95.56815659494417,29.772599362395617,<strong>Precinct 258</strong>
259,-95.27317979380146,29.76907514612387,<strong>Precinct 259</strong>
260,-95.58536069122508,29.872306155565056,<strong>Precinct 260</strong>
261,-95.39166411160006,29.854701864191707,<strong>Precinct 261</strong>
262,-95.5295750820568,29.79467641561261,<strong>Precinct 262</strong>
263,-95.5067014223105,30.058831720868913,<strong>Precinct 263</strong>
264,-95.52139602012198,29.826326159731895,<strong>Precinct 264</strong>
265,-95.54207819100661,29.77244910693992,<strong>Precinct 265</strong>
266,-95.19234886187238,29.779058057741043,<strong>Precinct 266</strong>
267,-95.18974475290537,29.68137292149495,<strong>Precinct 267</strong>
268,-95.46346008980277,29.697892745134574,<strong>Precinct 268</strong>
269,-95.47284925280209,29.76702450772391,<strong>Precinct 269</strong>
270,-95.48052215985639,29.83983469714638,<strong>Precinct 270</strong>
271,-95.36862287973489,29.632032166721356,<strong>Precinct 271</strong>
272,-95.48498616405168,29.73467401022599,<strong>Precinct 272</strong>
273,-95.51488999387524,29.759571465885962,<strong>Precinct 273</strong>
274,-95.47584411601358,29.776093644153526,<strong>Precinct 274</strong>
275,-95.27228153366586,29.66344675613041,<strong>Precinct 275</strong>
276,-95.34319486235898,29.663006385506396,<strong>Precinct 276</strong>
277,-95.20171950969868,29.685105388933327,<strong>Precinct 277</strong>
278,-95.21911292701226,29.677475668754624,<strong>Precinct 278</strong>
279,-95.15034398192947,29.69062881575366,<strong>Precinct 279</strong>
280,-95.2333813118064,29.647085831672214,<strong>Precinct 280</strong>
281,-95.47015810561844,29.673167552236876,<strong>Precinct 281</strong>
282,-95.50766218682409,29.729875151972614,<strong>Precinct 282</strong>
283,-95.4036016588807,29.97704797495333,<strong>Precinct 283</strong>
284,-95.51801553108889,29.684466617309404,<strong>Precinct 284</strong>
285,-95.30767849999343,29.674312078782208,<strong>Precinct 285</strong>
286,-95.47952035030572,29.618623424005747,<strong>Precinct 286</strong>
287,-95.45205246579481,29.657561392000964,<strong>Precinct 287</strong>
288,-95.32821528623926,29.654896087497548,<strong>Precinct 288</strong>
289,-95.23331526613127,29.64040743463726,<strong>Precinct 289</strong>
290,-95.06492510491611,29.63463321660746,<strong>Precinct 290</strong>
291,-95.49493148787376,29.65871192967988,<strong>Precinct 291</strong>
292,-95.45532434154929,29.62064128685833,<strong>Precinct 292</strong>
293,-95.48745175251572,29.651278656099223,<strong>Precinct 293</strong>
294,-95.37454386173661,29.644586182585368,<strong>Precinct 294</strong>
295,-95.35869028568165,29.663989278644227,<strong>Precinct 295</strong>
296,-95.52426656464482,29.700189032346373,<strong>Precinct 296</strong>
297,-95.52932614211485,29.712998750979065,<strong>Precinct 297</strong>
298,-95.5328697045568,29.731954786714116,<strong>Precinct 298</strong>
299,-95.4787492670677,29.807797847668056,<strong>Precinct 299</strong>
300,-95.66297561315965,29.972611966768426,<strong>Precinct 300</strong>
301,-95.18105890979639,29.706071308093488,<strong>Precinct 301</strong>
302,-95.16200826018928,29.703290529704486,<strong>Precinct 302</strong>
303,-95.49136436041863,29.758820212123346,<strong>Precinct 303</strong>
304,-95.4885152133589,29.685655019682418,<strong>Precinct 304</strong>
305,-95.71572954179932,29.838580295372804,<strong>Precinct 305</strong>
306,-95.11498539041901,29.580270519535908,<strong>Precinct 306</strong>
307,-95.08574091881677,29.545448296795183,<strong>Precinct 307</strong>
308,-95.26334381768075,29.663492337964446,<strong>Precinct 308</strong>
309,-95.58198778191617,29.776015335304518,<strong>Precinct 309</strong>
310,-95.5378378337215,29.827216367768184,<strong>Precinct 310</strong>
311,-95.5447229070563,29.69806355823708,<strong>Precinct 311</strong>
312,-95.51010429183712,29.74294042409986,<strong>Precinct 312</strong>
313,-95.46609822425069,29.821490510992298,<strong>Precinct 313</strong>
314,-95.65822974890843,29.92257533519329,<strong>Precinct 314</strong>
315,-95.49755223360296,29.672528435229534,<strong>Precinct 315</strong>
316,-95.47883526877702,29.686599996422686,<strong>Precinct 316</strong>
317,-95.48033521718868,29.679329506656547,<strong>Precinct 317</strong>
318,-95.43555940920001,29.64452719824469,<strong>Precinct 318</strong>
319,-95.43239326833512,29.61645524535198,<strong>Precinct 319</strong>
320,-95.40159790764511,29.880547644535202,<strong>Precinct 320</strong>
321,-95.38069540896689,29.879016786127398,<strong>Precinct 321</strong>
322,-95.4818564399605,29.856147858512923,<strong>Precinct 322</strong>
323,-95.45308835968783,29.81221398839602,<strong>Precinct 323</strong>
324,-95.42311602487119,29.834917769143754,<strong>Precinct 324</strong>
325,-95.40533161348921,29.851120308388793,<strong>Precinct 325</strong>
326,-95.37901561015136,29.865650501620475,<strong>Precinct 326</strong>
327,-95.42141020264636,29.856579696456627,<strong>Precinct 327</strong>
328,-95.21834731835031,29.641556800333703,<strong>Precinct 328</strong>
329,-95.25072672481141,29.67053243095602,<strong>Precinct 329</strong>
330,-95.51136458972425,29.811822838636353,<strong>Precinct 330</strong>
331,-95.790887805095707,29.84542617705736,<strong>Precinct 331</strong>
332,-95.47231526527153,29.63474539404577,<strong>Precinct 332</strong>
333,-95.01894716613857,29.581839851229375,<strong>Precinct 333</strong>
334,-95.29053878122944,29.993424519215658,<strong>Precinct 334</strong>
335,-95.4852918115206,29.703513231535148,<strong>Precinct 335</strong>
336,-95.39761952572297,29.634218023960273,<strong>Precinct 336</strong>
337,-95.50232426753506,29.6247167078435,<strong>Precinct 337</strong>
338,-95.60887115291017,29.69926564115413,<strong>Precinct 338</strong>
339,-95.35921746270776,29.795483997995753,<strong>Precinct 339</strong>
340,-95.22259550583733,30.057769399029684,<strong>Precinct 340</strong>
341,-95.36678710418433,29.84181074693795,<strong>Precinct 341</strong>
342,-95.35404180881372,29.979635472962308,<strong>Precinct 342</strong>
343,-95.32280991987255,29.709672164582656,<strong>Precinct 343</strong>
344,-95.34261739656738,29.815073491383558,<strong>Precinct 344</strong>
345,-95.47483834749796,29.721881587891925,<strong>Precinct 345</strong>
346,-95.05927343651643,29.72048838998091,<strong>Precinct 346</strong>
347,-95.19265143390223,29.637621966773203,<strong>Precinct 347</strong>
348,-95.17883246513593,29.657798246026502,<strong>Precinct 348</strong>
349,-95.15134628164567,29.53000608834098,<strong>Precinct 349</strong>
350,-95.422135915935,29.700981102110102,<strong>Precinct 350</strong>
351,-95.15564857041443,30.016970247430628,<strong>Precinct 351</strong>
352,-95.1099265948202,29.654938199123215,<strong>Precinct 352</strong>
353,-95.18926621541785,29.817194944443706,<strong>Precinct 353</strong>
354,-95.19622299968299,29.80018406821143,<strong>Precinct 354</strong>
355,-95.37773557564464,29.61648925310706,<strong>Precinct 355</strong>
356,-95.56288265433643,29.748965499844118,<strong>Precinct 356</strong>
357,-95.18898153284962,30.077591722035688,<strong>Precinct 357</strong>
358,-95.43144033194272,29.944647626409523,<strong>Precinct 358</strong>
359,-95.55488303272197,29.666522107132,<strong>Precinct 359</strong>
360,-95.42977698910896,29.727097442908615,<strong>Precinct 360</strong>
361,-95.40272478775962,29.717141165994132,<strong>Precinct 361</strong>
362,-95.76308969977335,29.76009029245134,<strong>Precinct 362</strong>
363,-95.2274744073459,29.956784281446858,<strong>Precinct 363</strong>
364,-95.50455650006225,29.870456087766257,<strong>Precinct 364</strong>
365,-95.41932710842913,29.84445844681604,<strong>Precinct 365</strong>
366,-95.45339409143263,29.909034021759915,<strong>Precinct 366</strong>
367,-95.40545174421247,29.82875151947062,<strong>Precinct 367</strong>
368,-95.16042052918657,29.80092454824328,<strong>Precinct 368</strong>
369,-95.35721080954907,29.769124108304048,<strong>Precinct 369</strong>
370,-95.6747349364883,29.98246344976051,<strong>Precinct 370</strong>
371,-95.24235350401139,29.84626838672563,<strong>Precinct 371</strong>
372,-95.52508667491541,29.641263716041795,<strong>Precinct 372</strong>
373,-95.28804943261528,29.793424847068,<strong>Precinct 373</strong>
374,-95.25158390043083,29.80443247370976,<strong>Precinct 374</strong>
375,-95.17039304289361,29.784171819366616,<strong>Precinct 375</strong>
376,-95.20511746268066,29.826429895150284,<strong>Precinct 376</strong>
377,-95.01398697405664,29.610225238731303,<strong>Precinct 377</strong>
378,-95.17500040626706,29.52207507313944,<strong>Precinct 378</strong>
379,-95.30668020725464,29.665105728600295,<strong>Precinct 379</strong>
380,-95.17308743159312,29.90981917731603,<strong>Precinct 380</strong>
381,-95.13267622689746,29.791459231989958,<strong>Precinct 381</strong>
382,-95.1350483488217,29.88556956019828,<strong>Precinct 382</strong>
383,-95.53667077599233,29.84910900259403,<strong>Precinct 383</strong>
384,-95.51677820750203,29.65023889338472,<strong>Precinct 384</strong>
385,-95.53451071768521,29.753777305135195,<strong>Precinct 385</strong>
386,-94.93790134388584,29.79502052693746,<strong>Precinct 386</strong>
387,-95.03263718578131,29.828464754977205,<strong>Precinct 387</strong>
388,-95.20238006176825,29.9739936106672,<strong>Precinct 388</strong>
389,-95.34259921602907,29.722998615515138,<strong>Precinct 389</strong>
390,-95.3484650600592,29.71418055365312,<strong>Precinct 390</strong>
391,-95.08960966006703,29.568897872560974,<strong>Precinct 391</strong>
392,-95.35756093911293,29.643935038691385,<strong>Precinct 392</strong>
393,-95.1561646837074,29.56667440284651,<strong>Precinct 393</strong>
394,-95.21035298685095,29.69442355169903,<strong>Precinct 394</strong>
395,-95.60179175602751,29.753123454940482,<strong>Precinct 395</strong>
396,-95.28438952471416,29.864165737583782,<strong>Precinct 396</strong>
397,-95.32311508645843,29.925285000040585,<strong>Precinct 397</strong>
398,-95.6330034579727,29.866986248392767,<strong>Precinct 398</strong>
399,-95.40423511679268,30.02995838437251,<strong>Precinct 399</strong>
400,-95.68391326997408,29.771549184919046,<strong>Precinct 400</strong>
401,-95.27615516594733,29.842015413536263,<strong>Precinct 401</strong>
402,-95.34917711281906,29.616857847314755,<strong>Precinct 402</strong>
403,-95.48656654221479,29.67148670547899,<strong>Precinct 403</strong>
404,-95.17799868996117,29.686130693134146,<strong>Precinct 404</strong>
405,-95.76766647783887,30.015661296484257,<strong>Precinct 405</strong>
406,-95.32060390575224,29.804848657287494,<strong>Precinct 406</strong>
407,-95.55754433575763,29.822371341658595,<strong>Precinct 407</strong>
408,-95.40385584900488,29.89791785761934,<strong>Precinct 408</strong>
409,-95.38356981470604,29.915894429709194,<strong>Precinct 409</strong>
410,-95.31025461889388,29.96915066248846,<strong>Precinct 410</strong>
411,-95.33424611196573,29.894459679089156,<strong>Precinct 411</strong>
412,-95.31412043714515,29.78054491221627,<strong>Precinct 412</strong>
413,-95.16868628344912,29.798349560270132,<strong>Precinct 413</strong>
414,-94.93233409507464,29.76252555770785,<strong>Precinct 414</strong>
415,-95.0660119207475,29.592170802401974,<strong>Precinct 415</strong>
416,-95.14134477542075,29.552121685426968,<strong>Precinct 416</strong>
417,-95.21779628354288,29.590369928483675,<strong>Precinct 417</strong>
418,-95.23044791147774,29.616862889181697,<strong>Precinct 418</strong>
419,-95.18320319110343,29.671448910806664,<strong>Precinct 419</strong>
420,-95.11104791054606,29.687193058963043,<strong>Precinct 420</strong>
421,-95.18908595136024,29.930743533401763,<strong>Precinct 421</strong>
422,-95.34221875505548,29.6306777172238,<strong>Precinct 422</strong>
423,-95.40606749939664,29.922648757441632,<strong>Precinct 423</strong>
424,-95.46218110250962,29.788531706117677,<strong>Precinct 424</strong>
425,-95.53191948098817,29.68206562247789,<strong>Precinct 425</strong>
426,-95.53356468206314,29.697232562901146,<strong>Precinct 426</strong>
427,-95.5397109517145,29.688822479039374,<strong>Precinct 427</strong>
428,-95.62552239435045,29.683484036964984,<strong>Precinct 428</strong>
429,-95.56656856945122,29.681897837948192,<strong>Precinct 429</strong>
430,-95.50076930127048,29.70834993068966,<strong>Precinct 430</strong>
431,-95.48482491354558,29.71507719981631,<strong>Precinct 431</strong>
432,-95.49138846022562,29.72878401362842,<strong>Precinct 432</strong>
433,-95.52349390007207,29.724894223715463,<strong>Precinct 433</strong>
434,-95.45291657621203,29.75083232631873,<strong>Precinct 434</strong>
435,-95.48161612464695,29.755626866893458,<strong>Precinct 435</strong>
436,-95.47858646399814,29.744713776290244,<strong>Precinct 436</strong>
437,-95.61318594087763,29.76736327081863,<strong>Precinct 437</strong>
438,-95.5947424088524,29.76823864653039,<strong>Precinct 438</strong>
439,-95.55426157118508,29.774961770649526,<strong>Precinct 439</strong>
440,-95.53182270840112,29.764720042120683,<strong>Precinct 440</strong>
441,-95.51969196344196,29.77970408327862,<strong>Precinct 441</strong>
442,-95.61734576287601,30.00083844647973,<strong>Precinct 442</strong>
443,-95.48844829020322,29.79072509958529,<strong>Precinct 443</strong>
444,-95.53051256805301,29.808749205337932,<strong>Precinct 444</strong>
445,-95.539037077636,29.816608215760773,<strong>Precinct 445</strong>
446,-95.47957464915793,29.82199045836513,<strong>Precinct 446</strong>
447,-95.18798494742093,29.96484285505014,<strong>Precinct 447</strong>
448,-95.44359485017658,29.82944630129506,<strong>Precinct 448</strong>
449,-95.36926158709971,30.013454993266055,<strong>Precinct 449</strong>
450,-95.46892139213705,29.854244515594964,<strong>Precinct 450</strong>
451,-95.52744342672942,29.983917835380833,<strong>Precinct 451</strong>
452,-95.47089377948924,30.09581612120245,<strong>Precinct 452</strong>
453,-95.47675054441129,29.647842890501757,<strong>Precinct 453</strong>
454,-95.29655096534314,29.862098694927923,<strong>Precinct 454</strong>
455,-95.31142840160172,29.796562628057035,<strong>Precinct 455</strong>
456,-94.97238224926926,29.78276910705675,<strong>Precinct 456</strong>
457,-95.30993347654106,30.00407096699072,<strong>Precinct 457</strong>
458,-95.4546739158635,29.639297476274248,<strong>Precinct 458</strong>
459,-95.17756632768041,30.063396572621457,<strong>Precinct 459</strong>
460,-95.15267029492588,29.825248334373416,<strong>Precinct 460</strong>
461,-95.6346164396353,29.76400073089029,<strong>Precinct 461</strong>
462,-95.55001584103172,29.647366562056295,<strong>Precinct 462</strong>
463,-95.66677662519466,29.804964981610077,<strong>Precinct 463</strong>
464,-95.47916610306095,30.038629405866228,<strong>Precinct 464</strong>
465,-95.46335322276339,30.019327218926076,<strong>Precinct 465</strong>
466,-95.48122534699118,30.009790729374753,<strong>Precinct 466</strong>
467,-95.47859444614257,29.900200256952438,<strong>Precinct 467</strong>
468,-95.48586797013401,29.957185013516916,<strong>Precinct 468</strong>
469,-95.21266122330842,30.037281774142027,<strong>Precinct 469</strong>
470,-95.13318370939913,29.679336725262917,<strong>Precinct 470</strong>
471,-95.06510083585002,29.68471399182149,<strong>Precinct 471</strong>
472,-95.41268431836987,29.70283562209178,<strong>Precinct 472</strong>
473,-95.13101157598547,29.576461504460475,<strong>Precinct 473</strong>
474,-95.19135417164559,29.551279190100004,<strong>Precinct 474</strong>
475,-95.18641543809444,29.57384693496612,<strong>Precinct 475</strong>
476,-95.23022847234759,29.587388088348515,<strong>Precinct 476</strong>
477,-95.5257118432546,30.03850731702667,<strong>Precinct 477</strong>
478,-95.5540911719079,29.976152583579207,<strong>Precinct 478</strong>
479,-95.58996785635645,29.98710127089942,<strong>Precinct 479</strong>
480,-95.61583610411445,29.940510536364354,<strong>Precinct 480</strong>
481,-95.6442914686026,29.952895418157553,<strong>Precinct 481</strong>
482,-95.48626737902245,30.058527224764354,<strong>Precinct 482</strong>
483,-95.60568866160547,29.778144797787036,<strong>Precinct 483</strong>
484,-95.57822827604565,29.975500274528518,<strong>Precinct 484</strong>
485,-95.61224077020317,30.03702499853863,<strong>Precinct 485</strong>
486,-95.59727909213399,30.004591516740504,<strong>Precinct 486</strong>
487,-95.59389957490407,29.705024390610276,<strong>Precinct 487</strong>
488,-95.60890240325118,29.672615821632355,<strong>Precinct 488</strong>
489,-95.54168829380919,29.661564423323906,<strong>Precinct 489</strong>
490,-95.51963158902807,29.668848118240852,<strong>Precinct 490</strong>
491,-95.467262467314,29.74430261674123,<strong>Precinct 491</strong>
492,-95.57043243571106,29.75210749732387,<strong>Precinct 492</strong>
493,-95.51292272459361,29.944325731644707,<strong>Precinct 493</strong>
494,-95.44485141999535,29.89181988416845,<strong>Precinct 494</strong>
495,-95.57713561223555,29.90220439036524,<strong>Precinct 495</strong>
496,-95.51245242042584,29.90955525638281,<strong>Precinct 496</strong>
497,-95.30098874048856,29.903676450209435,<strong>Precinct 497</strong>
498,-95.50281767912544,29.85666439452937,<strong>Precinct 498</strong>
499,-95.55312487514354,29.7528632324666,<strong>Precinct 499</strong>
500,-95.43978610840863,30.053506799494723,<strong>Precinct 500</strong>
501,-95.40368041161906,29.78693380245891,<strong>Precinct 501</strong>
502,-95.04170659252145,29.95442044792204,<strong>Precinct 502</strong>
503,-95.51562038396507,30.1321977080429,<strong>Precinct 503</strong>
504,-95.592093091116,29.751936154465895,<strong>Precinct 504</strong>
505,-95.46369963882935,29.830421056803388,<strong>Precinct 505</strong>
506,-95.52298027579697,29.634462736506887,<strong>Precinct 506</strong>
507,-95.54751950157333,29.711800816808296,<strong>Precinct 507</strong>
508,-95.5682052606639,29.7060572151219,<strong>Precinct 508</strong>
509,-95.74353225855909,29.771826480233887,<strong>Precinct 509</strong>
510,-95.61192463413121,29.745530845294297,<strong>Precinct 510</strong>
511,-95.6987185003206,29.941599324501794,<strong>Precinct 511</strong>
512,-95.60940948625878,29.894606411886944,<strong>Precinct 512</strong>
513,-95.51793639385697,29.99182429023166,<strong>Precinct 513</strong>
514,-95.49308750660533,30.029288879025433,<strong>Precinct 514</strong>
515,-95.54423434400022,29.99919370740612,<strong>Precinct 515</strong>
516,-95.52307260437563,29.962640061393042,<strong>Precinct 516</strong>
517,-95.65542650435785,29.84291992319716,<strong>Precinct 517</strong>
518,-95.59851034792503,29.917537887912275,<strong>Precinct 518</strong>
519,-95.5998172466928,29.96036147845022,<strong>Precinct 519</strong>
520,-95.43240264240511,29.997674625121583,<strong>Precinct 520</strong>
521,-95.71293283155005,29.824234975656406,<strong>Precinct 521</strong>
522,-95.72770598260439,29.777630853256127,<strong>Precinct 522</strong>
523,-95.63791126202888,29.846449286500512,<strong>Precinct 523</strong>
524,-95.66038798699033,29.70215769666278,<strong>Precinct 524</strong>
525,-95.51825973368103,29.660623657789632,<strong>Precinct 525</strong>
526,-95.281338963865025,29.694627583983277,<strong>Precinct 526</strong>
527,-95.20346360252815,29.72342023168913,<strong>Precinct 527</strong>
528,-95.26914003324116,29.743360867011603,<strong>Precinct 528</strong>
529,-95.62194265981711,30.110203585732698,<strong>Precinct 529</strong>
530,-95.30137235216482,29.748427310958025,<strong>Precinct 530</strong>
531,-95.00889868084491,29.894752797614213,<strong>Precinct 531</strong>
532,-94.94508374501461,29.74478448452707,<strong>Precinct 532</strong>
533,-94.95368306903777,29.74942514064247,<strong>Precinct 533</strong>
534,-95.1502132672211,29.65734277658464,<strong>Precinct 534</strong>
535,-95.16940946807297,29.709512198270108,<strong>Precinct 535</strong>
536,-95.25421094536404,29.611900898892504,<strong>Precinct 536</strong>
537,-95.23451033295959,29.56361787297151,<strong>Precinct 537</strong>
538,-95.34849790218378,29.687553626445553,<strong>Precinct 538</strong>
539,-95.48614452237844,30.077575041173414,<strong>Precinct 539</strong>
540,-95.39074944478571,29.710664188869814,<strong>Precinct 540</strong>
541,-95.42435865717312,29.67398575028933,<strong>Precinct 541</strong>
542,-95.42586958869013,29.634985920346153,<strong>Precinct 542</strong>
543,-95.3646793728485,29.824101878533597,<strong>Precinct 543</strong>
544,-95.34468633571855,29.802374289395612,<strong>Precinct 544</strong>
545,-95.21569691989025,29.573275503755806,<strong>Precinct 545</strong>
546,-95.13975589983647,30.04928005270545,<strong>Precinct 546</strong>
547,-95.7608712596479,29.76978931927006,<strong>Precinct 547</strong>
548,-95.57571967660682,29.93082740026917,<strong>Precinct 548</strong>
549,-95.4593243474118,29.956242488228582,<strong>Precinct 549</strong>
550,-95.44820611576392,30.02737173770464,<strong>Precinct 550</strong>
551,-95.57164855323714,30.0415402560675,<strong>Precinct 551</strong>
552,-95.52351854755327,30.10817481562988,<strong>Precinct 552</strong>
553,-95.65764872659888,29.872626675113718,<strong>Precinct 553</strong>
554,-95.50356640465425,29.659698591238985,<strong>Precinct 554</strong>
555,-95.53181722191857,29.66567389194081,<strong>Precinct 555</strong>
556,-95.5825841810354,29.668799910307957,<strong>Precinct 556</strong>
557,-95.58397051290589,29.683971031620796,<strong>Precinct 557</strong>
558,-95.63132707370428,29.723506502349423,<strong>Precinct 558</strong>
559,-95.56397322929664,29.728536330506326,<strong>Precinct 559</strong>
560,-95.29546237423507,29.78198159046235,<strong>Precinct 560</strong>
561,-95.01320404316176,29.677247323134786,<strong>Precinct 561</strong>
562,-95.31529782743792,29.790428144066283,<strong>Precinct 562</strong>
563,-95.17779260825645,30.038021218593013,<strong>Precinct 563</strong>
564,-95.39042814466966,29.680827169550007,<strong>Precinct 564</strong>
565,-95.55420905556392,29.680625289860892,<strong>Precinct 565</strong>
566,-95.54514226273051,29.72328411124633,<strong>Precinct 566</strong>
567,-95.51107068374448,29.71561080845348,<strong>Precinct 567</strong>
568,-95.13593655282156,29.586208344215287,<strong>Precinct 568</strong>
569,-95.46603699672836,29.735331924523784,<strong>Precinct 569</strong>
570,-95.45427758057967,29.72541305833501,<strong>Precinct 570</strong>
571,-95.34732735652297,29.877480285992696,<strong>Precinct 571</strong>
572,-95.53034574189614,29.74184091835113,<strong>Precinct 572</strong>
573,-95.3510617861504,29.67375494960758,<strong>Precinct 573</strong>
574,-95.32934626173608,29.825552604846532,<strong>Precinct 574</strong>
575,-95.51948520962839,30.0812417195637,<strong>Precinct 575</strong>
576,-95.44231740541302,29.85025237217944,<strong>Precinct 576</strong>
577,-95.49324500391539,29.799522726359548,<strong>Precinct 577</strong>
578,-95.44407717078104,29.838646064339244,<strong>Precinct 578</strong>
579,-95.40180308483697,29.864438640922877,<strong>Precinct 579</strong>
580,-95.31585028310926,29.815591609845047,<strong>Precinct 580</strong>
581,-95.29673632522037,29.819044861121597,<strong>Precinct 581</strong>
582,-95.27598397010415,29.817872785612966,<strong>Precinct 582</strong>
583,-95.31273273146611,29.83472380462962,<strong>Precinct 583</strong>
584,-95.29526754241395,29.89132133381715,<strong>Precinct 584</strong>
585,-95.26452675726398,29.862982369264866,<strong>Precinct 585</strong>
586,-95.33877438792092,30.049194988740222,<strong>Precinct 586</strong>
587,-95.34844000049804,30.023305990424085,<strong>Precinct 587</strong>
588,-95.39207343753183,30.075637416361907,<strong>Precinct 588</strong>
589,-95.70474548269229,29.793788348296086,<strong>Precinct 589</strong>
590,-95.20413655601638,30.052311172369933,<strong>Precinct 590</strong>
591,-95.33483713641407,29.8801229714874,<strong>Precinct 591</strong>
592,-95.49165658373775,29.970596355721973,<strong>Precinct 592</strong>
593,-95.51574393262257,29.886715383805733,<strong>Precinct 593</strong>
594,-95.47706908266746,29.877569921093368,<strong>Precinct 594</strong>
595,-95.425043225215,29.90760524352957,<strong>Precinct 595</strong>
596,-95.37431889443583,30.04594684942177,<strong>Precinct 596</strong>
597,-95.54805934558638,29.943392020188274,<strong>Precinct 597</strong>
598,-95.71312151611892,29.892198052238694,<strong>Precinct 598</strong>
599,-95.27605762421318,30.019747453145502,<strong>Precinct 599</strong>
600,-95.67047638953215,29.714809475042486,<strong>Precinct 600</strong>
601,-95.5456018079075,30.0258448027798,<strong>Precinct 601</strong>
602,-95.6148644362736,29.97427775059523,<strong>Precinct 602</strong>
603,-95.7725909008421,29.809493963477482,<strong>Precinct 603</strong>
604,-95.1156076075408,29.952937316650466,<strong>Precinct 604</strong>
605,-95.14936507367378,29.796607406892356,<strong>Precinct 605</strong>
606,-95.32996982539242,29.814146034231047,<strong>Precinct 606</strong>
607,-95.32039779734322,29.635171278497527,<strong>Precinct 607</strong>
608,-95.38349002455192,29.89535973196299,<strong>Precinct 608</strong>
609,-95.53310993856333,29.904811460949784,<strong>Precinct 609</strong>
610,-95.50190309717702,29.823242956585975,<strong>Precinct 610</strong>
611,-95.30537351707743,29.84854820053793,<strong>Precinct 611</strong>
612,-95.19553787396157,30.060209039830507,<strong>Precinct 612</strong>
613,-95.48220575856234,29.94119933599894,<strong>Precinct 613</strong>
614,-95.48866364156069,29.982400089934146,<strong>Precinct 614</strong>
615,-95.49895129003366,30.000879585882114,<strong>Precinct 615</strong>
616,-95.66111815836378,29.89573257432209,<strong>Precinct 616</strong>
617,-95.71319677018793,29.87202752566197,<strong>Precinct 617</strong>
618,-95.74186851753959,29.801318362817184,<strong>Precinct 618</strong>
619,-95.72802922578828,29.759491359201917,<strong>Precinct 619</strong>
620,-95.58317284071003,29.725370106684245,<strong>Precinct 620</strong>
621,-95.61093105766756,29.81715904567124,<strong>Precinct 621</strong>
622,-95.61705265389082,29.865009628412906,<strong>Precinct 622</strong>
623,-95.51798407765608,30.002621693737975,<strong>Precinct 623</strong>
624,-95.80195327388502,29.92725128341002,<strong>Precinct 624</strong>
625,-95.59874008984147,29.741132176947914,<strong>Precinct 625</strong>
626,-95.57970387223638,29.7520127428204,<strong>Precinct 626</strong>
627,-95.57390177895037,29.660422182267965,<strong>Precinct 627</strong>
628,-95.49985182194351,29.88604209304168,<strong>Precinct 628</strong>
629,-95.43085574789761,29.964104487637535,<strong>Precinct 629</strong>
630,-95.35258021649483,29.60041679931989,<strong>Precinct 630</strong>
631,-95.51096508093617,30.018018280358596,<strong>Precinct 631</strong>
632,-95.39337362162966,29.714361569478076,<strong>Precinct 632</strong>
633,-95.45541481060445,30.04652417917585,<strong>Precinct 633</strong>
634,-95.37972509157532,30.067340370592245,<strong>Precinct 634</strong>
635,-95.2020235349939,30.073104529152737,<strong>Precinct 635</strong>
636,-95.10979398284066,30.103068997638413,<strong>Precinct 636</strong>
637,-95.36128257144532,29.80523421343099,<strong>Precinct 637</strong>
638,-95.50318406538521,29.644896951182318,<strong>Precinct 638</strong>
639,-95.81433460501057,29.793078154535717,<strong>Precinct 639</strong>
640,-95.6346867645258,29.936575742749238,<strong>Precinct 640</strong>
641,-95.59702496042682,29.940061887167712,<strong>Precinct 641</strong>
642,-95.62888446876,29.88490285971691,<strong>Precinct 642</strong>
643,-95.669299394918,29.85447340662354,<strong>Precinct 643</strong>
644,-95.74026735043344,29.748457682372628,<strong>Precinct 644</strong>
645,-95.61883828505408,29.75418266162206,<strong>Precinct 645</strong>
646,-95.64816376479382,29.700259951914017,<strong>Precinct 646</strong>
647,-95.63341255150624,29.700462189902375,<strong>Precinct 647</strong>
648,-95.53487052624256,30.025415903686664,<strong>Precinct 648</strong>
649,-95.59228412336519,29.666327334468217,<strong>Precinct 649</strong>
650,-95.66795738057502,29.83488546633394,<strong>Precinct 650</strong>
651,-95.66771142822637,29.88393523533438,<strong>Precinct 651</strong>
652,-95.5286718124895,29.648464743938305,<strong>Precinct 652</strong>
653,-95.29243672508181,29.610289427066594,<strong>Precinct 653</strong>
654,-95.24374738038414,29.58924411108732,<strong>Precinct 654</strong>
655,-95.17193686379763,29.533191668980734,<strong>Precinct 655</strong>
656,-95.27568696539119,29.89855764708769,<strong>Precinct 656</strong>
657,-95.39145055961323,30.01135926771817,<strong>Precinct 657</strong>
658,-95.19282213406376,30.00741975382307,<strong>Precinct 658</strong>
659,-95.1444963593271,29.996484257850547,<strong>Precinct 659</strong>
660,-95.4678921763297,29.969846654512335,<strong>Precinct 660</strong>
661,-95.54557669067273,29.892075214689843,<strong>Precinct 661</strong>
662,-95.13057679412658,29.640210277409977,<strong>Precinct 662</strong>
663,-95.42438280397337,29.8158078895422,<strong>Precinct 663</strong>
664,-95.33117697705968,29.906066980034804,<strong>Precinct 664</strong>
665,-95.10138783362311,29.6721950950008,<strong>Precinct 665</strong>
666,-95.2209340986759,29.999368384445276,<strong>Precinct 666</strong>
667,-95.64875644556317,29.88731486106831,<strong>Precinct 667</strong>
668,-95.56876439999934,29.999232771102267,<strong>Precinct 668</strong>
669,-95.54037835064632,29.97950758566972,<strong>Precinct 669</strong>
670,-95.1690417988095,30.059258464720333,<strong>Precinct 670</strong>
671,-95.57741295642306,29.917547124346957,<strong>Precinct 671</strong>
672,-95.53849131097081,30.09086649018019,<strong>Precinct 672</strong>
673,-95.13346607159774,29.69155709218805,<strong>Precinct 673</strong>
674,-95.17767534658005,30.012252674307074,<strong>Precinct 674</strong>
675,-95.3678220074974,29.76555898010337,<strong>Precinct 675</strong>
676,-95.67618969845074,29.872349531323042,<strong>Precinct 676</strong>
677,-95.39255079660433,29.86364673076345,<strong>Precinct 677</strong>
678,-95.43864462340349,29.970962810339252,<strong>Precinct 678</strong>
679,-95.16028747182092,29.6395612955216,<strong>Precinct 679</strong>
680,-95.37572914712959,29.7626515027704,<strong>Precinct 680</strong>
681,-95.37308822967553,29.76563244676715,<strong>Precinct 681</strong>
682,-95.0665194779386,29.668520243895383,<strong>Precinct 682</strong>
683,-95.38708259127502,29.846543131944795,<strong>Precinct 683</strong>
684,-95.58108506197803,30.028019438176706,<strong>Precinct 684</strong>
685,-95.5013622758877,29.679000803629894,<strong>Precinct 685</strong>
686,-95.53133727195998,29.72759772896038,<strong>Precinct 686</strong>
687,-95.56154912005142,29.9015895566416,<strong>Precinct 687</strong>
688,-95.64353607931261,29.970296225391262,<strong>Precinct 688</strong>
689,-95.5587760864729,29.841085791092425,<strong>Precinct 689</strong>
690,-95.5422124203042,30.126597637932,<strong>Precinct 690</strong>
691,-95.66333172432843,30.01160695536043,<strong>Precinct 691</strong>
692,-95.03368614149605,29.562705371229733,<strong>Precinct 692</strong>
693,-95.5007378892485,29.66462025172233,<strong>Precinct 693</strong>
694,-95.56342587195441,29.962573708970222,<strong>Precinct 694</strong>
695,-95.12960484531526,29.670588288852013,<strong>Precinct 695</strong>
696,-95.15367103893435,29.67057574699169,<strong>Precinct 696</strong>
697,-95.48268773559707,29.9280751290869,<strong>Precinct 697</strong>
698,-95.46366888117916,29.944891364503356,<strong>Precinct 698</strong>
699,-95.1515965364427,29.58432971328271,<strong>Precinct 699</strong>
700,-95.07177735425128,30.014112721757364,<strong>Precinct 700</strong>
701,-95.5666888417122,29.860401698469513,<strong>Precinct 701</strong>
702,-95.34722688411021,29.829757854830902,<strong>Precinct 702</strong>
703,-95.05294057437138,29.580384661150564,<strong>Precinct 703</strong>
704,-95.10119106543011,29.696526910775738,<strong>Precinct 704</strong>
705,-95.30540120630594,29.93530776120576,<strong>Precinct 705</strong>
706,-95.59888792746821,29.72569689568056,<strong>Precinct 706</strong>
707,-95.47963743299222,29.797571455083165,<strong>Precinct 707</strong>
708,-95.21239362125442,29.684360739649797,<strong>Precinct 708</strong>
709,-95.67909148225434,29.91849155556085,<strong>Precinct 709</strong>
710,-95.4166306547475,29.76778727673055,<strong>Precinct 710</strong>
711,-95.6366220177701,29.745046143917957,<strong>Precinct 711</strong>
712,-95.73437090462926,29.869885560016904,<strong>Precinct 712</strong>
713,-95.61771653823916,29.92297308901989,<strong>Precinct 713</strong>
714,-95.356030903065,29.867760964507426,<strong>Precinct 714</strong>
715,-95.1724765706599,29.603016965718183,<strong>Precinct 715</strong>
716,-95.0793915977457,29.658422420841195,<strong>Precinct 716</strong>
717,-95.46964888451194,29.957769872418115,<strong>Precinct 717</strong>
718,-95.14008139286359,29.614541698284096,<strong>Precinct 718</strong>
719,-95.14764979179277,29.781331026517734,<strong>Precinct 719</strong>
720,-95.77668514498076,29.79353968366286,<strong>Precinct 720</strong>
721,-95.11489002509454,29.601443156124795,<strong>Precinct 721</strong>
722,-95.45058475864384,29.605669530672927,<strong>Precinct 722</strong>
723,-95.48355711995637,29.89022412892306,<strong>Precinct 723</strong>
724,-95.1184890008646,29.61264753474916,<strong>Precinct 724</strong>
725,-95.180018651299,29.798276265496778,<strong>Precinct 725</strong>
726,-95.67233260488844,30.080580594825303,<strong>Precinct 726</strong>
727,-95.58674155644776,29.73981095549769,<strong>Precinct 727</strong>
728,-95.12758017630007,29.562484280447684,<strong>Precinct 728</strong>
729,-95.3801061656748,30.008495502779503,<strong>Precinct 729</strong>
730,-95.46214502475604,29.77565080696168,<strong>Precinct 730</strong>
731,-95.72718903770712,29.79896140940788,<strong>Precinct 731</strong>
732,-95.13180972486627,29.559212045019912,<strong>Precinct 732</strong>
733,-95.29865943237026,29.92471755336108,<strong>Precinct 733</strong>
734,-95.70665177514343,29.98437223177656,<strong>Precinct 734</strong>
735,-95.5003529896513,30.125501123163712,<strong>Precinct 735</strong>
736,-95.35056076794926,29.786905068310244,<strong>Precinct 736</strong>
737,-95.34210022648787,29.93272173874835,<strong>Precinct 737</strong>
738,-95.31811159358782,29.942311443248336,<strong>Precinct 738</strong>
739,-95.0072758368698,29.78090599226606,<strong>Precinct 739</strong>
740,-95.05831082983715,29.783771927548965,<strong>Precinct 740</strong>
741,-95.15108036890253,29.807229322990864,<strong>Precinct 741</strong>
742,-95.14520277144118,29.514845612186285,<strong>Precinct 742</strong>
743,-95.3030013275415,29.914514713331506,<strong>Precinct 743</strong>
744,-95.13977175155681,29.569384857607584,<strong>Precinct 744</strong>
745,-95.11941085792562,29.568305709843884,<strong>Precinct 745</strong>
746,-95.11186635078842,29.565698457253166,<strong>Precinct 746</strong>
747,-95.36451615174838,30.054169934731462,<strong>Precinct 747</strong>
748,-95.10610026471234,29.55143068738764,<strong>Precinct 748</strong>
749,-95.27552588248523,29.671642868947917,<strong>Precinct 749</strong>
750,-95.12764598671522,29.537548548964605,<strong>Precinct 750</strong>
751,-95.78059866650057,29.777429567193092,<strong>Precinct 751</strong>
752,-95.17665375741176,29.64541784254055,<strong>Precinct 752</strong>
753,-95.37468878614521,30.06809159943905,<strong>Precinct 753</strong>
754,-95.5063276685411,29.645375483702257,<strong>Precinct 754</strong>
755,-95.20844493076461,29.619847592248394,<strong>Precinct 755</strong>
756,-95.30175628033425,30.01049280545564,<strong>Precinct 756</strong>
757,-95.46206118688681,29.987290813757895,<strong>Precinct 757</strong>
758,-95.16843730874537,30.08512522012085,<strong>Precinct 758</strong>
759,-95.56238260678292,29.912048776241317,<strong>Precinct 759</strong>
760,-95.14624927473,30.03736831636897,<strong>Precinct 760</strong>
761,-95.47834401832716,29.789024652380345,<strong>Precinct 761</strong>
762,-95.24705715810346,29.573193070903876,<strong>Precinct 762</strong>
763,-95.24071072402367,29.649951576302506,<strong>Precinct 763</strong>
764,-95.17896688280696,29.988602149301986,<strong>Precinct 764</strong>
765,-95.6119790898604,29.725435245192866,<strong>Precinct 765</strong>
766,-95.30126084499511,29.679977397350125,<strong>Precinct 766</strong>
767,-95.29385078508439,29.93549277310069,<strong>Precinct 767</strong>
768,-95.6382765961762,29.993519905596845,<strong>Precinct 768</strong>
769,-95.25518842633811,29.770867982262136,<strong>Precinct 769</strong>
770,-95.20532772936149,29.65940985900785,<strong>Precinct 770</strong>
771,-95.6394973222527,29.861018053877643,<strong>Precinct 771</strong>
772,-95.71088317221009,29.765624947237658,<strong>Precinct 772</strong>
773,-95.6184936196873,29.70018654553921,<strong>Precinct 773</strong>
774,-95.2638424816522,29.596297754930507,<strong>Precinct 774</strong>
775,-95.34391541029647,29.840810070809777,<strong>Precinct 775</strong>
776,-95.19617831954197,29.993129721276865,<strong>Precinct 776</strong>
777,-95.22112181135664,29.704860497033927,<strong>Precinct 777</strong>
778,-95.35381030003286,29.825467433566644,<strong>Precinct 778</strong>
779,-95.36082951811524,29.8824533163541,<strong>Precinct 779</strong>
780,-95.40071821279852,29.91014188338063,<strong>Precinct 780</strong>
781,-95.58464773999565,29.695550595610655,<strong>Precinct 781</strong>
782,-95.16596656668105,29.542786137983924,<strong>Precinct 782</strong>
783,-95.40702022355153,30.01413894009259,<strong>Precinct 783</strong>
784,-95.29477145942488,29.835674502851823,<strong>Precinct 784</strong>
785,-95.77426545413842,29.830900797395316,<strong>Precinct 785</strong>
786,-95.19529455138034,29.70125757240133,<strong>Precinct 786</strong>
787,-95.36788483012413,29.867055657433266,<strong>Precinct 787</strong>
788,-95.58485006397552,30.007821376842536,<strong>Precinct 788</strong>
789,-95.6336032809853,29.892265976917404,<strong>Precinct 789</strong>
790,-95.69867852626534,29.888620565743775,<strong>Precinct 790</strong>
791,-95.27298498447468,29.671219822368876,<strong>Precinct 791</strong>
792,-95.32384082952022,29.91389886749151,<strong>Precinct 792</strong>
793,-95.19965598174309,29.651366235699804,<strong>Precinct 793</strong>
794,-95.40754446169231,29.957781650145463,<strong>Precinct 794</strong>
795,-95.3788533343421,29.85510692145656,<strong>Precinct 795</strong>
796,-95.7484813221033,29.824397958380096,<strong>Precinct 796</strong>
797,-95.23473842042165,29.822368153780392,<strong>Precinct 797</strong>
798,-95.29484138332589,29.665533666212255,<strong>Precinct 798</strong>
799,-95.26550860019931,29.95230483199322,<strong>Precinct 799</strong>
800,-95.64341651025191,29.901408533917643,<strong>Precinct 800</strong>
801,-95.28143487793434,29.62414088609204,<strong>Precinct 801</strong>
802,-95.396534579772,29.735575559986327,<strong>Precinct 802</strong>
803,-95.67708354948552,29.897487610705934,<strong>Precinct 803</strong>
804,-95.69392472447112,29.82566264719881,<strong>Precinct 804</strong>
805,-95.60477429277957,29.986941102434987,<strong>Precinct 805</strong>
806,-95.71280264225946,30.0065568463757,<strong>Precinct 806</strong>
807,-95.54389448258655,29.732652670385242,<strong>Precinct 807</strong>
808,-95.37624682732117,29.744271673225153,<strong>Precinct 808</strong>
809,-95.4646019640357,29.809389661669098,<strong>Precinct 809</strong>
810,-95.28138227053589,29.760275472903874,<strong>Precinct 810</strong>
811,-95.28875120723127,29.781946648572614,<strong>Precinct 811</strong>
812,-95.284421908281,29.786019209302392,<strong>Precinct 812</strong>
813,-95.7299347736111,29.823327676025254,<strong>Precinct 813</strong>
814,-95.6518617769207,29.72187767608403,<strong>Precinct 814</strong>
815,-95.3119042733504,29.646369053422536,<strong>Precinct 815</strong>
816,-95.2687908113506,29.801923985817222,<strong>Precinct 816</strong>
817,-95.68767862034636,29.99416731824736,<strong>Precinct 817</strong>
818,-95.23088748425928,29.808188043761568,<strong>Precinct 818</strong>
819,-95.45062028498548,29.682141726715034,<strong>Precinct 819</strong>
820,-95.30966107948383,29.638056057259472,<strong>Precinct 820</strong>
821,-95.22336674661959,29.776602731326008,<strong>Precinct 821</strong>
822,-95.32534938645624,29.67748877336715,<strong>Precinct 822</strong>
823,-95.56877241794874,29.95507286562299,<strong>Precinct 823</strong>
824,-95.20105222140339,29.786478462719796,<strong>Precinct 824</strong>
825,-95.4790526374806,29.97402683864399,<strong>Precinct 825</strong>
826,-95.47690735737221,29.699947189358102,<strong>Precinct 826</strong>
827,-95.16752142073527,29.77367998601838,<strong>Precinct 827</strong>
828,-95.62667752924204,29.987815348529885,<strong>Precinct 828</strong>
829,-95.51244556602018,29.67658604243463,<strong>Precinct 829</strong>
830,-95.40667014908657,29.70196457139305,<strong>Precinct 830</strong>
831,-95.17852152728342,29.76960776813094,<strong>Precinct 831</strong>
832,-95.25251434613986,29.888092316283352,<strong>Precinct 832</strong>
833,-95.35080217043445,29.811210865666634,<strong>Precinct 833</strong>
834,-95.31444322667522,29.934957109324316,<strong>Precinct 834</strong>
835,-95.37423441381247,29.862388317696666,<strong>Precinct 835</strong>
836,-95.38618987827215,29.838905735081365,<strong>Precinct 836</strong>
837,-95.40421171983938,29.708252174574486,<strong>Precinct 837</strong>
838,-95.25784353946666,29.768302112582823,<strong>Precinct 838</strong>
839,-95.51966916257433,29.73209498084506,<strong>Precinct 839</strong>
840,-95.2817329772486,29.952424366902562,<strong>Precinct 840</strong>
841,-95.30560789250688,30.025108423345976,<strong>Precinct 841</strong>
842,-95.2072401738338,29.600416442617753,<strong>Precinct 842</strong>
843,-95.27490372306629,29.60660867535966,<strong>Precinct 843</strong>
844,-95.350190513064,29.782908034933698,<strong>Precinct 844</strong>
845,-95.15835216034243,29.54951897840213,<strong>Precinct 845</strong>
846,-95.35177273162822,29.79664880929288,<strong>Precinct 846</strong>
847,-95.25694143684892,29.948449069253016,<strong>Precinct 847</strong>
848,-95.47140721017664,29.868769325233547,<strong>Precinct 848</strong>
849,-95.27236552229164,29.623367941124666,<strong>Precinct 849</strong>
850,-95.27418174121726,29.67676092505497,<strong>Precinct 850</strong>
851,-95.45701712366034,30.076825587966677,<strong>Precinct 851</strong>
852,-95.3478209097027,29.78205410462376,<strong>Precinct 852</strong>
853,-95.50812798001347,30.037189727658564,<strong>Precinct 853</strong>
854,-95.33403383908654,29.79049343401703,<strong>Precinct 854</strong>
855,-95.46590310694697,29.896480395749123,<strong>Precinct 855</strong>
856,-95.3306001014721,29.759152987083407,<strong>Precinct 856</strong>
857,-95.25586980172535,29.728757231085016,<strong>Precinct 857</strong>
858,-95.35811838308524,29.672245496117977,<strong>Precinct 858</strong>
859,-95.48919569828765,29.889012627474074,<strong>Precinct 859</strong>
860,-95.2431947192124,29.722714573748096,<strong>Precinct 860</strong>
861,-95.4726398102767,29.88910860697697,<strong>Precinct 861</strong>
862,-95.6718892057284,29.93276738136542,<strong>Precinct 862</strong>
863,-95.36196987407459,29.67664616093358,<strong>Precinct 863</strong>
864,-95.43285606729165,29.924705217474038,<strong>Precinct 864</strong>
865,-95.32014320515671,29.784834188197625,<strong>Precinct 865</strong>
866,-95.34395629817311,29.768383118566373,<strong>Precinct 866</strong>
867,-95.34886341996352,29.777041492960947,<strong>Precinct 867</strong>
868,-95.50418790057401,29.920069881051486,<strong>Precinct 868</strong>
869,-95.50551637387595,29.673598953836258,<strong>Precinct 869</strong>
870,-95.49458727427655,29.889020229673392,<strong>Precinct 870</strong>
871,-95.33331526195462,29.722675446173355,<strong>Precinct 871</strong>
872,-95.14059683884204,29.753410858776743,<strong>Precinct 872</strong>
873,-95.50672684207824,29.94109205762784,<strong>Precinct 873</strong>
874,-95.46981056671768,30.03675027901454,<strong>Precinct 874</strong>
875,-95.69178888292278,29.896925717064654,<strong>Precinct 875</strong>
876,-95.53118826569023,30.062837429219606,<strong>Precinct 876</strong>
877,-95.7427165094863,29.849076252328313,<strong>Precinct 877</strong>
878,-95.52658746004879,30.118729069639937,<strong>Precinct 878</strong>
879,-95.71186899267461,29.80965269065442,<strong>Precinct 879</strong>
880,-95.55534653823685,30.05418837102612,<strong>Precinct 880</strong>
881,-95.69971098408655,29.858440981497512,<strong>Precinct 881</strong>
882,-95.6601749436979,29.861441799469162,<strong>Precinct 882</strong>
883,-95.41701361974856,30.008456275843404,<strong>Precinct 883</strong>
884,-95.50335770008684,29.931372272435283,<strong>Precinct 884</strong>
885,-95.16243922764984,29.982187846969868,<strong>Precinct 885</strong>
886,-95.39546162811747,29.765912461253638,<strong>Precinct 886</strong>
887,-95.39168839980712,29.765605180241952,<strong>Precinct 887</strong>
888,-95.23227371786771,29.98435562701848,<strong>Precinct 888</strong>
889,-95.34576880888578,29.76149694025639,<strong>Precinct 889</strong>
890,-95.35951632453857,29.760755032314652,<strong>Precinct 890</strong>
891,-95.44322117333249,29.68453235553694,<strong>Precinct 891</strong>
892,-95.34652000165237,29.743244410954485,<strong>Precinct 892</strong>
893,-95.50384677414866,29.633846477595604,<strong>Precinct 893</strong>
894,-95.44663199419122,29.99816140116442,<strong>Precinct 894</strong>
895,-95.40631153697119,29.72823408112957,<strong>Precinct 895</strong>
896,-95.39251370103635,29.726967072210233,<strong>Precinct 896</strong>
897,-95.42393276717293,30.100316237308682,<strong>Precinct 897</strong>
898,-95.69452730583892,29.874144179123995,<strong>Precinct 898</strong>
899,-95.68455169170329,29.741077962144058,<strong>Precinct 899</strong>
900,-95.34977464896463,29.778993329767008,<strong>Precinct 900</strong>
901,-95.79867472892417,30.01007240149261,<strong>Precinct 901</strong>
902,-95.4345218025773,29.788090945818627,<strong>Precinct 902</strong>
903,-95.64095617738761,30.05973456274949,<strong>Precinct 903</strong>
904,-95.57600343201143,29.8862281653073,<strong>Precinct 904</strong>
905,-95.25427185627957,29.78207869758675,<strong>Precinct 905</strong>
906,-95.41931148542722,29.71384642385687,<strong>Precinct 906</strong>
907,-95.11546521229367,29.52102319816162,<strong>Precinct 907</strong>
908,-95.20829359480153,29.654914931199418,<strong>Precinct 908</strong>
909,-95.37163202546985,29.863493758170613,<strong>Precinct 909</strong>
910,-95.36660580667012,29.863234421819012,<strong>Precinct 910</strong>
911,-95.25943589567514,30.000667401666014,<strong>Precinct 911</strong>
912,-95.42033605407717,30.042417603229907,<strong>Precinct 912</strong>
913,-95.686531561923,29.85249504727109,<strong>Precinct 913</strong>
914,-95.38927282764097,29.84377519110868,<strong>Precinct 914</strong>
915,-95.57515572981441,30.12932197679637,<strong>Precinct 915</strong>
916,-95.57485127327743,30.089101906883624,<strong>Precinct 916</strong>
917,-95.35129192361111,29.791405082071012,<strong>Precinct 917</strong>
918,-95.3704022038633,29.765246425398328,<strong>Precinct 918</strong>
919,-95.76549525174875,29.86796173914738,<strong>Precinct 919</strong>
920,-95.12914683998625,29.55329977421072,<strong>Precinct 920</strong>
921,-95.30236083460716,29.677770641890117,<strong>Precinct 921</strong>
922,-95.38451387954245,29.73224080961929,<strong>Precinct 922</strong>
923,-95.73903749138537,29.968798076508982,<strong>Precinct 923</strong>
924,-95.33944185488224,29.761673760838395,<strong>Precinct 924</strong>
925,-95.1679638353511,29.74847338925515,<strong>Precinct 925</strong>
926,-95.5995679402236,30.018253945225016,<strong>Precinct 926</strong>
927,-95.43011224087248,29.822950793923575,<strong>Precinct 927</strong>
928,-95.35314971909013,29.812424229335146,<strong>Precinct 928</strong>
929,-95.32715408009616,29.759785053038907,<strong>Precinct 929</strong>
930,-95.33305600715116,29.836576308098913,<strong>Precinct 930</strong>
931,-95.43793830694933,29.686836353874856,<strong>Precinct 931</strong>
932,-95.4336703005115,29.686761091876868,<strong>Precinct 932</strong>
933,-95.42458096573777,29.684447237624084,<strong>Precinct 933</strong>
934,-95.38898943749633,29.936992614173565,<strong>Precinct 934</strong>
935,-95.22952155551559,29.769614800827373,<strong>Precinct 935</strong>
936,-95.35965806866768,29.93528492487624,<strong>Precinct 936</strong>
937,-95.31571158374385,29.868380947621972,<strong>Precinct 937</strong>
938,-95.51146097996549,29.687696169217755,<strong>Precinct 938</strong>
939,-95.58205368664888,29.884201111493724,<strong>Precinct 939</strong>
940,-95.34753524897678,29.781735486798276,<strong>Precinct 940</strong>
941,-95.119050852344,29.54939443466469,<strong>Precinct 941</strong>
942,-95.46173674065592,29.777861701673345,<strong>Precinct 942</strong>
943,-95.5643565324897,29.692704392065515,<strong>Precinct 943</strong>
944,-95.51819899715666,29.727708652036636,<strong>Precinct 944</strong>
945,-95.30668152833032,29.680890696502665,<strong>Precinct 945</strong>
946,-95.2981613898233,29.67985245697671,<strong>Precinct 946</strong>
947,-95.460190644759,29.660644290295192,<strong>Precinct 947</strong>
948,-95.44772384246852,29.670213806616495,<strong>Precinct 948</strong>
949,-95.44241784600915,29.66619873531044,<strong>Precinct 949</strong>
950,-95.12837668067598,29.72560490355024,<strong>Precinct 950</strong>
951,-95.70914796550022,29.847856337219927,<strong>Precinct 951</strong>
952,-95.49901137726873,29.66712404179194,<strong>Precinct 952</strong>
953,-95.35162943423869,29.79110118229117,<strong>Precinct 953</strong>
954,-95.14701847645527,29.77096183342147,<strong>Precinct 954</strong>
955,-95.5441072336675,30.149102727737066,<strong>Precinct 955</strong>
956,-95.42709703383854,29.702642076911385,<strong>Precinct 956</strong>
957,-95.45533627507378,29.96175832427422,<strong>Precinct 957</strong>
958,-95.44730549227263,29.954348073970813,<strong>Precinct 958</strong>
959,-95.41422055382021,29.92827244963954,<strong>Precinct 959</strong>
960,-95.24322246780407,29.94169964233801,<strong>Precinct 960</strong>
961,-95.48224366090797,29.917509521378186,<strong>Precinct 961</strong>
962,-95.35216552336102,29.766888325328125,<strong>Precinct 962</strong>
963,-95.17377350876937,29.842218289323476,<strong>Precinct 963</strong>
964,-95.16342250663314,29.957371877703423,<strong>Precinct 964</strong>
965,-95.17635289263131,29.86720494521288,<strong>Precinct 965</strong>
966,-95.51113419430433,29.84612156503573,<strong>Precinct 966</strong>
967,-95.21419539629456,29.979562078982465,<strong>Precinct 967</strong>
968,-95.20884014449457,29.943542394523533,<strong>Precinct 968</strong>
969,-95.34492557889546,29.623486440758114,<strong>Precinct 969</strong>
970,-95.4053041723729,29.939725426692736,<strong>Precinct 970</strong>
971,-95.5516724064905,29.8651938515092,<strong>Precinct 971</strong>
972,-95.19892901940014,29.623420641256423,<strong>Precinct 972</strong>
973,-95.5105973463081,29.79906946801198,<strong>Precinct 973</strong>
974,-95.45729316862099,29.679304243457718,<strong>Precinct 974</strong>
975,-95.46941404077343,29.846243332900723,<strong>Precinct 975</strong>
976,-95.1440004676619,29.850193758719854,<strong>Precinct 976</strong>
977,-95.48858408359209,29.907920293261217,<strong>Precinct 977</strong>
978,-95.35262892048956,29.79279128475925,<strong>Precinct 978</strong>
979,-95.23675303397957,29.99916029822123,<strong>Precinct 979</strong>
980,-95.61333083727017,29.92966386939277,<strong>Precinct 980</strong>
981,-95.4833066718631,29.97310446528291,<strong>Precinct 981</strong>
982,-95.66263883670423,30.03403107698631,<strong>Precinct 982</strong>
983,-95.58357337827584,29.998390251486782,<strong>Precinct 983</strong>
984,-95.60180588903084,29.67557166863159,<strong>Precinct 984</strong>
985,-95.51250575481421,29.671344490845517,<strong>Precinct 985</strong>
986,-95.50540605262582,29.668686840530604,<strong>Precinct 986</strong>
987,-95.42814250872607,29.89128081578405,<strong>Precinct 987</strong>
988,-95.07624060547566,29.89019608343404,<strong>Precinct 988</strong>
989,-95.39597674375469,29.851933037540753,<strong>Precinct 989</strong>
990,-95.47250148602994,29.926272933634255,<strong>Precinct 990</strong>
991,-95.60726608140965,29.875684193354292,<strong>Precinct 991</strong>
992,-95.70748800356134,29.818205591247747,<strong>Precinct 992</strong>
993,-95.37677932418197,29.81375806671563,<strong>Precinct 993</strong>
994,-95.43717919473141,29.660709960562933,<strong>Precinct 994</strong>
995,-95.41338700610662,29.650643931628462,<strong>Precinct 995</strong>
996,-95.21855635299671,29.584717391982515,<strong>Precinct 996</strong>
997,-95.43476406325128,30.02646609671578,<strong>Precinct 997</strong>
998,-95.59004741103176,30.03829614045966,<strong>Precinct 998</strong>
999,-95.3683913985466,29.77666150724875,<strong>Precinct 999</strong>
1000,-95.57915711573389,29.677198256502145,<strong>Precinct 1000</strong>
1001,-95.59565477734634,29.681978382803244,<strong>Precinct 1001</strong>
1002,-95.54834729793389,29.687283282016914,<strong>Precinct 1002</strong>
1003,-95.4959229509965,29.7945078682839,<strong>Precinct 1003</strong>
1004,-95.45876713850599,29.836421181734586,<strong>Precinct 1004</strong>
1005,-95.34659196533913,29.7646171376113,<strong>Precinct 1005</strong>
1006,-95.69942748120795,29.80360673547945,<strong>Precinct 1006</strong>
1007,-95.31236733967388,30.014189331520264,<strong>Precinct 1007</strong>
1008,-95.10487831523042,29.905885004155333,<strong>Precinct 1008</strong>
1009,-95.70376288364852,29.814926714492213,<strong>Precinct 1009</strong>
1010,-95.30896021787004,29.607462748682504,<strong>Precinct 1010</strong>
1011,-95.50843569464367,29.823108619259013,<strong>Precinct 1011</strong>
1012,-95.46167299697281,29.928218179636,<strong>Precinct 1012</strong>
